{
	"acados_include_path":"C:\\Users\\user\\acados\\examples\\acados_matlab_octave\\..\\../include",
	"acados_lib_path":"C:\\Users\\user\\acados\\examples\\acados_matlab_octave\\..\\../lib",
	"shared_lib_ext":".so",
	"json_file":"acados_sim.json",
	"cython_include_dirs":[],
	"code_export_directory":"C:\\Users\\user\\acados\\examples\\acados_matlab_octave\\New_work_dynamic_obstacle\\c_generated_code",
	"dims":{
		"nx":5,
		"nu":2,
		"nz":0,
		"np":1
	},
	"model":{
		"name":"sim_model",
		"dyn_ext_fun_type":"casadi",
		"dyn_generic_source":[],
		"dyn_disc_fun_jac_hess":[],
		"dyn_disc_fun_jac":[],
		"dyn_disc_fun":[],
		"gnsf":{
			"nontrivial_f_LO":1,
			"purely_linear":0
		}
	},
	"sim_options":{
		"integrator_type":"ERK",
		"collocation_type":"GAUSS_LEGENDRE",
		"sim_method_num_stages":4,
		"sim_method_num_steps":4,
		"sim_method_newton_iter":3,
		"sim_method_newton_tol":0,
		"Tsim":0.02,
		"sens_forw":false,
		"sens_adj":false,
		"sens_algebraic":false,
		"sens_hess":false,
		"output_z":false,
		"sim_method_jac_reuse":false,
		"ext_fun_compile_flags":"-O2"
	},
	"parameter_values":[
		0
	],
	"problem_class":"SIM",
	"solver_options":{
		"integrator_type":"ERK",
		"collocation_type":"GAUSS_LEGENDRE",
		"sim_method_num_stages":4,
		"sim_method_num_steps":4,
		"sim_method_newton_iter":3,
		"sim_method_newton_tol":0,
		"Tsim":0.02,
		"sens_forw":false,
		"sens_adj":false,
		"sens_algebraic":false,
		"sens_hess":false,
		"output_z":false,
		"sim_method_jac_reuse":false,
		"ext_fun_compile_flags":"-O2"
	},
	"acados_link_libs":{
		"openmp":"",
		"qpoases":"",
		"daqp":"",
		"qpdunes":"",
		"osqp":"",
		"hpmpc":"",
		"ooqp":""
	},
	"os":"pc"
}
