{
	"acados_include_path":"C:\\Users\\user\\acados\\examples\\acados_matlab_octave\\..\\../include",
	"acados_lib_path":"C:\\Users\\user\\acados\\examples\\acados_matlab_octave\\..\\../lib",
	"code_export_directory":"C:\\Users\\user\\acados\\examples\\acados_matlab_octave\\New_work\\c_generated_code",
	"constraints":{
		"C":{
			"_ArrayType_":"double",
			"_ArraySize_":[0,5],
			"_ArrayData_":[]
		},
		"C_e":{
			"_ArrayType_":"double",
			"_ArraySize_":[0,5],
			"_ArrayData_":[]
		},
		"D":{
			"_ArrayType_":"double",
			"_ArraySize_":[0,2],
			"_ArrayData_":[]
		},
		"constr_type":"BGH",
		"constr_type_0":"BGH",
		"constr_type_e":"BGH",
		"idxbu":[0,1],
		"idxbx":[
			0
		],
		"idxbx_0":[0,1,2,3,4],
		"idxbx_e":{
			"_ArrayType_":"double",
			"_ArraySize_":[1,0],
			"_ArrayData_":[]
		},
		"idxbxe_0":[0,1,2,3,4],
		"idxsbu":{
			"_ArrayType_":"double",
			"_ArraySize_":[1,0],
			"_ArrayData_":[]
		},
		"idxsbx":{
			"_ArrayType_":"double",
			"_ArraySize_":[1,0],
			"_ArrayData_":[]
		},
		"idxsbx_e":{
			"_ArrayType_":"double",
			"_ArraySize_":[1,0],
			"_ArrayData_":[]
		},
		"idxsg":{
			"_ArrayType_":"double",
			"_ArraySize_":[1,0],
			"_ArrayData_":[]
		},
		"idxsg_e":{
			"_ArrayType_":"double",
			"_ArraySize_":[1,0],
			"_ArrayData_":[]
		},
		"idxsh":{
			"_ArrayType_":"double",
			"_ArraySize_":[1,0],
			"_ArrayData_":[]
		},
		"idxsh_0":{
			"_ArrayType_":"double",
			"_ArraySize_":[1,0],
			"_ArrayData_":[]
		},
		"idxsh_e":{
			"_ArrayType_":"double",
			"_ArraySize_":[1,0],
			"_ArrayData_":[]
		},
		"idxsphi":{
			"_ArrayType_":"double",
			"_ArraySize_":[1,0],
			"_ArrayData_":[]
		},
		"idxsphi_0":{
			"_ArrayType_":"double",
			"_ArraySize_":[1,0],
			"_ArrayData_":[]
		},
		"idxsphi_e":{
			"_ArrayType_":"double",
			"_ArraySize_":[1,0],
			"_ArrayData_":[]
		},
		"lbu":[-11.5,-1],
		"lbx":[
			0
		],
		"lbx_0":[0,0,0,10,0],
		"lbx_e":{
			"_ArrayType_":"double",
			"_ArraySize_":[1,0],
			"_ArrayData_":[]
		},
		"lg":{
			"_ArrayType_":"double",
			"_ArraySize_":[1,0],
			"_ArrayData_":[]
		},
		"lg_e":{
			"_ArrayType_":"double",
			"_ArraySize_":[1,0],
			"_ArrayData_":[]
		},
		"lh":[
			0
		],
		"lh_0":{
			"_ArrayType_":"double",
			"_ArraySize_":[1,0],
			"_ArrayData_":[]
		},
		"lh_e":{
			"_ArrayType_":"double",
			"_ArraySize_":[1,0],
			"_ArrayData_":[]
		},
		"lphi":{
			"_ArrayType_":"double",
			"_ArraySize_":[1,0],
			"_ArrayData_":[]
		},
		"lphi_0":[],
		"lphi_e":{
			"_ArrayType_":"double",
			"_ArraySize_":[1,0],
			"_ArrayData_":[]
		},
		"lsbu":{
			"_ArrayType_":"double",
			"_ArraySize_":[1,0],
			"_ArrayData_":[]
		},
		"lsbx":{
			"_ArrayType_":"double",
			"_ArraySize_":[1,0],
			"_ArrayData_":[]
		},
		"lsbx_e":{
			"_ArrayType_":"double",
			"_ArraySize_":[1,0],
			"_ArrayData_":[]
		},
		"lsg":{
			"_ArrayType_":"double",
			"_ArraySize_":[1,0],
			"_ArrayData_":[]
		},
		"lsg_e":{
			"_ArrayType_":"double",
			"_ArraySize_":[1,0],
			"_ArrayData_":[]
		},
		"lsh":{
			"_ArrayType_":"double",
			"_ArraySize_":[1,0],
			"_ArrayData_":[]
		},
		"lsh_0":[],
		"lsh_e":{
			"_ArrayType_":"double",
			"_ArraySize_":[1,0],
			"_ArrayData_":[]
		},
		"lsphi":{
			"_ArrayType_":"double",
			"_ArraySize_":[1,0],
			"_ArrayData_":[]
		},
		"lsphi_0":{
			"_ArrayType_":"double",
			"_ArraySize_":[1,0],
			"_ArrayData_":[]
		},
		"lsphi_e":{
			"_ArrayType_":"double",
			"_ArraySize_":[1,0],
			"_ArrayData_":[]
		},
		"ubu":[11.5,1],
		"ubx":[
			120
		],
		"ubx_0":[0,0,0,10,0],
		"ubx_e":{
			"_ArrayType_":"double",
			"_ArraySize_":[1,0],
			"_ArrayData_":[]
		},
		"ug":{
			"_ArrayType_":"double",
			"_ArraySize_":[1,0],
			"_ArrayData_":[]
		},
		"ug_e":{
			"_ArrayType_":"double",
			"_ArraySize_":[1,0],
			"_ArrayData_":[]
		},
		"uh":[
			100000000
		],
		"uh_0":{
			"_ArrayType_":"double",
			"_ArraySize_":[1,0],
			"_ArrayData_":[]
		},
		"uh_e":{
			"_ArrayType_":"double",
			"_ArraySize_":[1,0],
			"_ArrayData_":[]
		},
		"uphi":{
			"_ArrayType_":"double",
			"_ArraySize_":[1,0],
			"_ArrayData_":[]
		},
		"uphi_0":[],
		"uphi_e":{
			"_ArrayType_":"double",
			"_ArraySize_":[1,0],
			"_ArrayData_":[]
		},
		"usbu":{
			"_ArrayType_":"double",
			"_ArraySize_":[1,0],
			"_ArrayData_":[]
		},
		"usbx":{
			"_ArrayType_":"double",
			"_ArraySize_":[1,0],
			"_ArrayData_":[]
		},
		"usbx_e":{
			"_ArrayType_":"double",
			"_ArraySize_":[1,0],
			"_ArrayData_":[]
		},
		"usg":{
			"_ArrayType_":"double",
			"_ArraySize_":[1,0],
			"_ArrayData_":[]
		},
		"usg_e":{
			"_ArrayType_":"double",
			"_ArraySize_":[1,0],
			"_ArrayData_":[]
		},
		"ush":{
			"_ArrayType_":"double",
			"_ArraySize_":[1,0],
			"_ArrayData_":[]
		},
		"ush_0":[],
		"ush_e":{
			"_ArrayType_":"double",
			"_ArraySize_":[1,0],
			"_ArrayData_":[]
		},
		"usphi":{
			"_ArrayType_":"double",
			"_ArraySize_":[1,0],
			"_ArrayData_":[]
		},
		"usphi_0":{
			"_ArrayType_":"double",
			"_ArraySize_":[1,0],
			"_ArrayData_":[]
		},
		"usphi_e":{
			"_ArrayType_":"double",
			"_ArraySize_":[1,0],
			"_ArrayData_":[]
		}
	},
	"cost":{
		"Vu":[
			[1,0],
			[0,1],
			[0,0],
			[0,0],
			[0,0],
			[0,0],
			[0,0]
		],
		"Vu_0":[
			[1,0],
			[0,1],
			[0,0],
			[0,0],
			[0,0],
			[0,0],
			[0,0]
		],
		"Vx":[
			[0,0,0,0,0],
			[0,0,0,0,0],
			[1,0,0,0,0],
			[0,1,0,0,0],
			[0,0,1,0,0],
			[0,0,0,1,0],
			[0,0,0,0,1]
		],
		"Vx_0":[
			[0,0,0,0,0],
			[0,0,0,0,0],
			[1,0,0,0,0],
			[0,1,0,0,0],
			[0,0,1,0,0],
			[0,0,0,1,0],
			[0,0,0,0,1]
		],
		"Vx_e":[
			[1,0,0,0,0],
			[0,1,0,0,0],
			[0,0,1,0,0],
			[0,0,0,1,0],
			[0,0,0,0,1]
		],
		"Vz":{
			"_ArrayType_":"double",
			"_ArraySize_":[7,0],
			"_ArrayData_":[]
		},
		"Vz_0":{
			"_ArrayType_":"double",
			"_ArraySize_":[7,0],
			"_ArrayData_":[]
		},
		"W":[
			[10000000000,0,0,0,0,0,0],
			[0,1e-10,0,0,0,0,0],
			[0,0,1000,0,0,0,0],
			[0,0,0,100,0,0,0],
			[0,0,0,0,0.1,0,0],
			[0,0,0,0,0,0.01,0],
			[0,0,0,0,0,0,1e-07]
		],
		"W_0":[
			[10000000000,0,0,0,0,0,0],
			[0,1e-10,0,0,0,0,0],
			[0,0,1000,0,0,0,0],
			[0,0,0,100,0,0,0],
			[0,0,0,0,0.1,0,0],
			[0,0,0,0,0,0.01,0],
			[0,0,0,0,0,0,1e-07]
		],
		"W_e":[
			[10,0,0,0,0],
			[0,10,0,0,0],
			[0,0,1e-05,0,0],
			[0,0,0,0.1,0],
			[0,0,0,0,1e-10]
		],
		"Zl":{
			"_ArrayType_":"double",
			"_ArraySize_":[1,0],
			"_ArrayData_":[]
		},
		"Zl_0":{
			"_ArrayType_":"double",
			"_ArraySize_":[1,0],
			"_ArrayData_":[]
		},
		"Zl_e":{
			"_ArrayType_":"double",
			"_ArraySize_":[1,0],
			"_ArrayData_":[]
		},
		"Zu":{
			"_ArrayType_":"double",
			"_ArraySize_":[1,0],
			"_ArrayData_":[]
		},
		"Zu_0":{
			"_ArrayType_":"double",
			"_ArraySize_":[1,0],
			"_ArrayData_":[]
		},
		"Zu_e":{
			"_ArrayType_":"double",
			"_ArraySize_":[1,0],
			"_ArrayData_":[]
		},
		"cost_ext_fun_type":"casadi",
		"cost_ext_fun_type_0":"casadi",
		"cost_ext_fun_type_e":"casadi",
		"cost_function_ext_cost":[],
		"cost_function_ext_cost_0":[],
		"cost_function_ext_cost_e":[],
		"cost_source_ext_cost":[],
		"cost_source_ext_cost_0":[],
		"cost_source_ext_cost_e":[],
		"cost_type":"LINEAR_LS",
		"cost_type_0":"LINEAR_LS",
		"cost_type_e":"LINEAR_LS",
		"yref":[0,0,0,0,0,0,0],
		"yref_0":[0,0,0,0,0,0,0],
		"yref_e":[20,0,0,10,0],
		"zl":{
			"_ArrayType_":"double",
			"_ArraySize_":[1,0],
			"_ArrayData_":[]
		},
		"zl_0":{
			"_ArrayType_":"double",
			"_ArraySize_":[1,0],
			"_ArrayData_":[]
		},
		"zl_e":{
			"_ArrayType_":"double",
			"_ArraySize_":[1,0],
			"_ArrayData_":[]
		},
		"zu":{
			"_ArrayType_":"double",
			"_ArraySize_":[1,0],
			"_ArrayData_":[]
		},
		"zu_0":{
			"_ArrayType_":"double",
			"_ArraySize_":[1,0],
			"_ArrayData_":[]
		},
		"zu_e":{
			"_ArrayType_":"double",
			"_ArraySize_":[1,0],
			"_ArrayData_":[]
		}
	},
	"cython_include_dirs":[],
	"dims":{
		"N":100,
		"gnsf_nout":0,
		"gnsf_nuhat":0,
		"gnsf_nx1":0,
		"gnsf_ny":0,
		"gnsf_nz1":0,
		"nbu":2,
		"nbx":1,
		"nbx_0":5,
		"nbx_e":0,
		"nbxe_0":5,
		"ng":0,
		"ng_e":0,
		"nh":1,
		"nh_0":0,
		"nh_e":0,
		"np":0,
		"npd":0,
		"npd_e":0,
		"nphi":0,
		"nphi_0":0,
		"nphi_e":0,
		"nr":0,
		"nr_0":0,
		"nr_e":0,
		"ns":0,
		"ns_0":0,
		"ns_e":0,
		"nsbu":0,
		"nsbx":0,
		"nsbx_e":0,
		"nsg":0,
		"nsg_e":0,
		"nsh":0,
		"nsh_0":0,
		"nsh_e":0,
		"nsphi":0,
		"nsphi_0":0,
		"nsphi_e":0,
		"nu":2,
		"nx":5,
		"ny":7,
		"ny_0":7,
		"ny_e":5,
		"nz":0
	},
	"json_file":"acados_ocp_nlp.json",
	"model":{
		"name":"BILOOOO",
		"dyn_ext_fun_type":"casadi",
		"dyn_generic_source":[],
		"dyn_disc_fun_jac_hess":[],
		"dyn_disc_fun_jac":[],
		"dyn_disc_fun":[],
		"gnsf":{
			"nontrivial_f_LO":1,
			"purely_linear":0
		}
	},
	"name":"BILOOOO",
	"parameter_values":[],
	"problem_class":"OCP",
	"shared_lib_ext":".so",
	"simulink_opts":{
		"outputs":{
			"u0":1,
			"utraj":0,
			"xtraj":0,
			"ztraj":0,
			"solver_status":1,
			"cost_value":0,
			"KKT_residual":1,
			"KKT_residuals":0,
			"x1":1,
			"CPU_time":1,
			"CPU_time_sim":0,
			"CPU_time_qp":0,
			"CPU_time_lin":0,
			"sqp_iter":1
		},
		"inputs":{
			"lbx_0":1,
			"ubx_0":1,
			"parameter_traj":1,
			"y_ref_0":1,
			"y_ref":1,
			"y_ref_e":1,
			"lbx":1,
			"ubx":1,
			"lbx_e":1,
			"ubx_e":1,
			"lbu":1,
			"ubu":1,
			"lg":1,
			"ug":1,
			"lh":1,
			"uh":1,
			"lh_0":1,
			"uh_0":1,
			"lh_e":1,
			"uh_e":1,
			"cost_W_0":0,
			"cost_W":0,
			"cost_W_e":0,
			"reset_solver":0,
			"x_init":0,
			"u_init":0,
			"rti_phase":0
		},
		"samplingtime":"t0"
	},
	"solver_options":{
		"Tsim":0.02,
		"alpha_min":0.05,
		"alpha_reduction":0.7,
		"as_rti_iter":1,
		"as_rti_level":4,
		"collocation_type":"GAUSS_LEGENDRE",
		"cost_discretization":"EULER",
		"eps_sufficient_descent":0.0001,
		"exact_hess_constr":1,
		"exact_hess_cost":1,
		"exact_hess_dyn":1,
		"ext_cost_num_hess":0,
		"ext_fun_compile_flags":"-O2",
		"fixed_hess":0,
		"full_step_dual":0,
		"globalization":"FIXED_STEP",
		"globalization_use_SOC":0,
		"hessian_approx":"GAUSS_NEWTON",
		"hpipm_mode":"BALANCE",
		"initialize_t_slacks":0,
		"integrator_type":"ERK",
		"levenberg_marquardt":0,
		"line_search_use_sufficient_descent":0,
		"nlp_solver_ext_qp_res":0,
		"nlp_solver_max_iter":100,
		"nlp_solver_step_length":1,
		"nlp_solver_tol_comp":1e-06,
		"nlp_solver_tol_eq":1e-06,
		"nlp_solver_tol_ineq":1e-06,
		"nlp_solver_tol_stat":1e-06,
		"nlp_solver_type":"SQP_RTI",
		"nlp_solver_warm_start_first_qp":[],
		"print_level":0,
		"qp_solver":"PARTIAL_CONDENSING_HPIPM",
		"qp_solver_cond_N":5,
		"qp_solver_cond_ric_alg":0,
		"qp_solver_iter_max":100,
		"qp_solver_ric_alg":0,
		"qp_solver_tol_comp":[],
		"qp_solver_tol_eq":[],
		"qp_solver_tol_ineq":[],
		"qp_solver_tol_stat":[],
		"qp_solver_warm_start":0,
		"reg_epsilon":0.0001,
		"regularize_method":"PROJECT_REDUC_HESS",
		"rti_log_residuals":0,
		"rti_phase":0,
		"sim_method_jac_reuse":[
			0,
			0,
			0,
			0,
			0,
			0,
			0,
			0,
			0,
			0,
			0,
			0,
			0,
			0,
			0,
			0,
			0,
			0,
			0,
			0,
			0,
			0,
			0,
			0,
			0,
			0,
			0,
			0,
			0,
			0,
			0,
			0,
			0,
			0,
			0,
			0,
			0,
			0,
			0,
			0,
			0,
			0,
			0,
			0,
			0,
			0,
			0,
			0,
			0,
			0,
			0,
			0,
			0,
			0,
			0,
			0,
			0,
			0,
			0,
			0,
			0,
			0,
			0,
			0,
			0,
			0,
			0,
			0,
			0,
			0,
			0,
			0,
			0,
			0,
			0,
			0,
			0,
			0,
			0,
			0,
			0,
			0,
			0,
			0,
			0,
			0,
			0,
			0,
			0,
			0,
			0,
			0,
			0,
			0,
			0,
			0,
			0,
			0,
			0,
			0
		],
		"sim_method_newton_iter":3,
		"sim_method_newton_tol":0,
		"sim_method_num_stages":[
			4,
			4,
			4,
			4,
			4,
			4,
			4,
			4,
			4,
			4,
			4,
			4,
			4,
			4,
			4,
			4,
			4,
			4,
			4,
			4,
			4,
			4,
			4,
			4,
			4,
			4,
			4,
			4,
			4,
			4,
			4,
			4,
			4,
			4,
			4,
			4,
			4,
			4,
			4,
			4,
			4,
			4,
			4,
			4,
			4,
			4,
			4,
			4,
			4,
			4,
			4,
			4,
			4,
			4,
			4,
			4,
			4,
			4,
			4,
			4,
			4,
			4,
			4,
			4,
			4,
			4,
			4,
			4,
			4,
			4,
			4,
			4,
			4,
			4,
			4,
			4,
			4,
			4,
			4,
			4,
			4,
			4,
			4,
			4,
			4,
			4,
			4,
			4,
			4,
			4,
			4,
			4,
			4,
			4,
			4,
			4,
			4,
			4,
			4,
			4
		],
		"sim_method_num_steps":[
			4,
			4,
			4,
			4,
			4,
			4,
			4,
			4,
			4,
			4,
			4,
			4,
			4,
			4,
			4,
			4,
			4,
			4,
			4,
			4,
			4,
			4,
			4,
			4,
			4,
			4,
			4,
			4,
			4,
			4,
			4,
			4,
			4,
			4,
			4,
			4,
			4,
			4,
			4,
			4,
			4,
			4,
			4,
			4,
			4,
			4,
			4,
			4,
			4,
			4,
			4,
			4,
			4,
			4,
			4,
			4,
			4,
			4,
			4,
			4,
			4,
			4,
			4,
			4,
			4,
			4,
			4,
			4,
			4,
			4,
			4,
			4,
			4,
			4,
			4,
			4,
			4,
			4,
			4,
			4,
			4,
			4,
			4,
			4,
			4,
			4,
			4,
			4,
			4,
			4,
			4,
			4,
			4,
			4,
			4,
			4,
			4,
			4,
			4,
			4
		],
		"tf":2,
		"time_steps":[
			0.02,
			0.02,
			0.02,
			0.02,
			0.02,
			0.02,
			0.02,
			0.02,
			0.02,
			0.02,
			0.02,
			0.02,
			0.02,
			0.02,
			0.02,
			0.02,
			0.02,
			0.02,
			0.02,
			0.02,
			0.02,
			0.02,
			0.02,
			0.02,
			0.02,
			0.02,
			0.02,
			0.02,
			0.02,
			0.02,
			0.02,
			0.02,
			0.02,
			0.02,
			0.02,
			0.02,
			0.02,
			0.02,
			0.02,
			0.02,
			0.02,
			0.02,
			0.02,
			0.02,
			0.02,
			0.02,
			0.02,
			0.02,
			0.02,
			0.02,
			0.02,
			0.02,
			0.02,
			0.02,
			0.02,
			0.02,
			0.02,
			0.02,
			0.02,
			0.02,
			0.02,
			0.02,
			0.02,
			0.02,
			0.02,
			0.02,
			0.02,
			0.02,
			0.02,
			0.02,
			0.02,
			0.02,
			0.02,
			0.02,
			0.02,
			0.02,
			0.02,
			0.02,
			0.02,
			0.02,
			0.02,
			0.02,
			0.02,
			0.02,
			0.02,
			0.02,
			0.02,
			0.02,
			0.02,
			0.02,
			0.02,
			0.02,
			0.02,
			0.02,
			0.02,
			0.02,
			0.02,
			0.02,
			0.02,
			0.02
		],
		"with_solution_sens_wrt_params":0,
		"with_value_sens_wrt_params":0
	},
	"acados_link_libs":{
		"daqp":"",
		"hpmpc":"",
		"ooqp":"",
		"openmp":"",
		"osqp":"",
		"qpdunes":"",
		"qpoases":""
	},
	"os":"pc"
}
